longitude,latitude,Nom de l'installation,prompt
46.3146069322,-0.501541858371,QUARON France (ex. SOLVADIS),seveso
43.6516807788,6.92764046057,ROBERTET SA,seveso
49.8631089521,2.53589119556,ORTEC SERVICE ENVIRONNEMENT EX TRD,seveso
43.6961845678,6.97627746363,MANE ET FILS NOTRE-DAME,seveso
48.6984373951,2.88368321724,FM LOGISTIC,seveso
49.6523048573,3.33338661585,TERIS SPECIALITES,seveso
48.1158475227,6.53620774581,COVERIGHT SURFACES FRANCE SNC (ex-Casco,seveso
46.6755777318,-0.0608782706811,MAXAM ATLANTIQUE,seveso
48.5774716619,2.97290629791,TOTAL Raffinage France,seveso
46.5785475997,5.43924475369,SPEICHIM PROCESSING S.A.,seveso
46.9689922593,0.173420801399,TERRENA,seveso
48.249005194,0.316747964655,SARREL,seveso
51.0290347487,2.24863357319,VERSALIS FRANCE SAS Dunes (ex POLIMERI),seveso
48.8406113728,6.25247170659,SITA FRANCE DECHETS,seveso
49.1450019734,6.7141063319,TPF,seveso
47.8489399503,2.73594266314,CAPROGA,seveso
51.0529961754,2.34196153486,HYDROPALE,seveso
45.2697944097,6.37298473158,LRF,seveso
45.642120449,5.1241468241,AIR PRODUCTS LIDA 1,seveso
43.4102262894,-0.636913360981,TOTAL E&P France,seveso
49.1034799178,1.46306927309,INNOSPEC (ex GAMLEN INDUSTRIES),seveso
48.8728491745,2.6557297133,EDF TAC,seveso
48.0828287188,1.85494334684,ND LOGISTICS,seveso
48.9480583155,2.29586530223,SITA REKEM,seveso
43.7057321142,1.40055436571,TRIADIS SERVICES,seveso
45.9783659262,4.72279545067,BAYER SAS,seveso
47.3435183891,1.92039719394,MBDA France,seveso
49.0399463596,2.13768103314,SOL FRANCE (ex GAZ TECHNIQUES DE FRANCE),seveso
43.1737549047,-0.604800525396,Messier Bugatti Dowty,seveso
47.8716534314,-0.506310989718,APROCHIM SA,seveso
45.5677142342,-0.670256363809,URANIE INTERNATIONAL SAS,seveso
45.5730153604,4.93060077847,ESSO SOCIETE ANONYME FRANCAISE,seveso
49.2840017236,2.50565171552,ARKEMA,seveso
43.700143823,1.39693928084,TOTALGAZ,seveso
45.3603149159,4.79583217211,RHODIA OPERATIONS,seveso
46.1538563657,0.229486497156,CENTRE OUEST CEREALES,seveso
49.05992649,2.1214766664,FINANCIERE LOGIMMO ET DEVELOPPEMENT,seveso
49.49670634,0.184853051882,SEPP,seveso
50.3968134587,2.92767156738,POLYNT COMPOSITES FRANCE,seveso
48.1964108371,1.95827392942,SOCIETE VERMANDOISE INDUSTRIES,seveso
48.274798539,1.61608586024,SCAEL,seveso
50.304739765,3.42808592196,ANTARGAZ,seveso
43.9074013548,4.71425452617,Société EXPANSIA,seveso
49.2073869175,2.92311691538,BUTAGAZ,seveso
48.9742145743,2.49727197291,NORD STOCK CHEM,seveso
45.8352744627,5.26411730804,SPEICHIM PROCESSING S.A.,seveso
46.6557675092,3.6459768898,COOPACA,seveso
49.9380612268,2.27100704824,PROCTER et  GAMBLE AMIENS,seveso
45.5712054021,-0.683951628785,LATREUILLE R. SAS,seveso
46.5631267842,0.559817289935,TERRENA POITOU,seveso
47.4954630111,6.83358253783,ALFI,seveso
49.3607008528,1.11069044066,YARA,seveso
48.9890225263,2.64510914991,GEREP,seveso
43.7259396409,4.46255634119,Société SITA FD Cet1,seveso
47.2411530774,5.98448557411,BLONDEL,seveso
50.4778417345,3.23182645738,OREXIM ORCHIES (ex PARCOLOG),seveso
48.3153695004,-1.15277343122,SOCIETE ELIARD SPCP (Le Clairay),seveso
43.4576203152,4.85286242392,Air Liquide France Industrie,seveso
43.416273557,-0.631155453173,PERGUILHEM SAS,seveso
43.4607239319,5.1465901671,COMPAGNIE PETROCHIMIQUE DE BERRE SAS,seveso
45.354926352,6.2992639295,ARKEMA,seveso
48.2804552799,-3.56014279235,SOCIETE LESEUR,seveso
47.9369745188,1.83298971118,PROLOGIS d'ORMES (SCI),seveso
46.0788403184,6.50890138546,ALPHA SERVICES,seveso
50.6122708632,3.18838268127,P. BRABANT,seveso
48.7581711977,2.41694099745,VEOLIA EAU ILE DE FRANCE,seveso
45.601583603,4.09143030987,BECKER INDUSTRIE,seveso
46.80648078,1.72729710256,CECA,seveso
49.5804652329,0.500727266767,ORIL INDUSTRIE Bolbec,seveso
50.60787283,2.67773474484,ROQUETTE FRERES,seveso
49.4812751934,0.284967350866,OMNOVA Solutions SAS,seveso
43.6721543836,4.43641147229,DEULEP,seveso
43.2162555366,2.33422275977,CHIMIREC-SOCODELI CARCASSONNE,seveso
47.5799322587,7.57986862064,CLARIANT PRODUCTION (France),seveso
43.6469793364,6.95121301432,CHARABOT PLAN,seveso
47.7402914907,1.9161765805,TDA ARMEMENTS SAS,seveso
42.6628337178,9.44645716209,GDF,seveso
47.3981422514,0.702565742802,STMICROELECTRONICS SAS,seveso
47.8136561146,7.19941740831,DU PONT DE NEMOURS Satellite 1,seveso
49.3123491543,1.18306874309,DA ALIZAY,seveso
44.8045133883,4.78752271172,JINWANG EUROPE (ex OCM),seveso
44.0670572088,5.9997406961,ARKEMA france,seveso
46.252578392,-0.468768239517,DE SANGOSSE sa,seveso
43.09546616,0.724065171224,FIBRE EXCELLENCE SAINT-GAUDENS,seveso
48.9478264574,2.29009304929,SOGEPP,seveso
45.1743530646,5.70499268569,EUROTUNGSTENE POUDRES,seveso
43.6110273742,2.24392905539,SEPIPROD,seveso
45.3623667589,6.28836568127,PACK SYSTEME MAURIENNE,seveso
45.1318608033,5.70627013349,VENCOREX FRANCE,seveso
49.7878418623,2.47032277233,GAZ ENERGIE DISTRIBUTION,seveso
46.1555524194,-1.21102490663,POITOU CHARENTES ENGRAIS,seveso
49.1431762129,6.70822696641,TPF,seveso
45.0927232963,5.7358295721,SOGIF,seveso
48.5382687382,2.36434466274,HERAKLES,seveso
43.422540471,4.89353756042,RTDH,seveso
45.2693853753,-0.51778632494,LES VIGNERONS DE TUTIAC,seveso
49.4921692795,0.515221487727,TEREOS BENP,seveso
43.4617602711,4.91853742432,SOCIETE DU PIPELINE SUD-EUROPEEN,seveso
47.0786946687,2.53015823902,AXEREAL,seveso
45.6810285459,4.85424833627,AIR LIQUIDE FRANCE INDUSTRIE (FEYZIN),seveso
49.5067778231,2.93861161172,MOMENT Specialty Chemicals France (5839),seveso
43.9909998816,-1.03520897465,GRANEL S.A.,seveso
48.6011439891,7.81020180079,TREDI Strasbourg,seveso
47.3300569052,0.653936172447,AIR LIQUIDE FRANCE INDUSTRIE,seveso
44.8287411585,0.335824897442,BERKEM SAS,seveso
47.7767000437,-3.33486648276,GUERBET,seveso
45.060293789,4.9535124704,CHEDDITE FRANCE,seveso
46.9348196957,3.25661297596,APERAM ALLOYS IMPHY,seveso
46.9886609713,-0.944920631098,EPC FRANCE,seveso
44.9278865822,1.84330002386,SNCF EIV Quercy/Corrèze,seveso
43.331569198,3.27020895186,MINGUEZ (ENTREPOTS CONSORTS),seveso
49.0191822988,2.17338246802,LOGIGAZ NORD SAS,seveso
45.6929154579,4.91895038817,CREALIS,seveso
47.2462484925,6.14509411942,SFPLJ,seveso
46.8111346667,-0.140811040879,CIMENTS CALCIA sas,seveso
45.6662820979,-0.270851965792,CHARENTAISE DE DECOR,seveso
48.9598301844,8.195040966,EVONIK OIL ADDITIVES SAS,seveso
48.3882281789,-4.44786021358,CCI de Brest - STATION DE DEBALLASTAGE,seveso
45.7044361355,4.76811739536,ADG,seveso
49.4759727428,0.337373361004,PROLOGIS,seveso
47.6741175035,0.303695263954,AG FRANCE SAS,seveso
47.9503299715,1.61782358245,LEPLATRE,seveso
45.3605751204,4.79757808216,SITA REKEM,seveso
49.2785996197,4.00016596753,CALDIC,seveso
50.3577794774,3.27570658517,COEUR ALPHA,seveso
49.7035194145,3.36619519621,ARF,seveso
44.3445965841,4.73129667015,COMURHEX S.A,seveso
49.775629568,1.7560497578,BUTAGAZ SAS,seveso
49.0391247101,4.3297755215,SEVEAL (ex CHAMPAGNE CEREALES),seveso
43.6499956789,6.95175603762,KERRY FLAVOURS FRANCE SAS,seveso
43.7792511206,7.20987849926,Compagnie des Gaz de Pétrole PRIMAGAZ,seveso
43.3865785172,-0.606721849654,ROLKEM,seveso
47.2799017976,5.0537730288,HYGIENE ET NATURE SAS,seveso
43.7747760153,2.05077690834,SA OCCITANIS,seveso
49.1999998568,0.359489473742,MC BRIDE,seveso
47.7705787854,7.36990979308,TYM Illzach,seveso
49.1407980748,6.70916778782,ARKEMA,seveso
43.2840209362,5.50132773239,ARKEMA FRANCE SA,seveso
45.6943514769,4.91660946639,EC MAYET,seveso
46.8037049539,4.43096279356,INDUSTEEL FRANCE,seveso
45.8140904899,3.13649728265,BOLLORE ENERGIE,seveso
48.9664696498,2.91677965297,DAHER,seveso
43.3096408513,1.94912231908,SILOS ARTERRIS Loudes,seveso
50.6294158676,3.07331254966,LABORATOIRES ANIOS,seveso
43.9946736386,4.858163708,EURENCO Sorgues,seveso
45.1738956644,5.70490683837,SANDVIK HYPERION SAS,seveso
46.5587679194,4.90786441819,VALSPAR FRANCE CORPORATION,seveso
49.2275254363,5.93759944992,TITANOBEL (Moutiers),seveso
49.1432533613,6.70864407002,TPF,seveso
48.7195792267,-0.0505903933293,DISTRISERVICES,seveso
47.7600027729,7.37528403294,BOLLORE ENERGIE Riedisheim,seveso
46.5472616765,0.777749456401,CENTRE OUEST CEREALES,seveso
43.4088859896,-0.6247844278,Séché éco-industries,seveso
47.9475013592,6.76906916638,SCIERIE GERMAIN-MOUGENOT,seveso
46.4995164802,-1.79025046818,CAVAC UCA,seveso
45.7454220428,3.16148448315,ANTARGAZ,seveso
48.2281582652,2.70595763426,KERAGLASS,seveso
48.117398444,-0.843034690428,SECHE ECO INDUSTRIES,seveso
44.8348837976,0.502227997188,MARY ARM,seveso
46.9971482309,5.34102752388,INTERVAL,seveso
48.2824014954,-2.80800774524,FINAGAZ,seveso
48.3152334728,3.24625231154,TITANOBEL,seveso
49.2918860468,1.10428652743,SAGA FRANCE,seveso
47.1892300009,-1.6213785194,SOGEBRAS (ex COGEMAR ex SCAC Cheviré),seveso
47.3841439747,0.743329835471,PRIMAGAZ CGP,seveso
45.7132908891,-0.368748172963,MARTELL,seveso
48.7399057258,1.92286659991,TRAPIL,seveso
43.8881275869,4.52689786888,HYDRAPRO SAS,seveso
45.6565919729,4.84436161919,RHONE GAZ,seveso
50.2659200242,2.71990877929,PRIMAGAZ,seveso
44.870322274,-0.729189639482,HERAKLES SA,seveso
49.2849952134,2.50678281434,CHEMOURS FRANCE,seveso
49.2084232322,0.71140851376,HOWA TRAMICO,seveso
49.9303364391,2.26516125172,SCA NORIAP PL1 (ex IPBM),seveso
45.7777412752,5.0279840384,Merck Santé,seveso
45.6951464906,4.84526146346,BLUESTAR SILICONES FRANCE SAS,seveso
48.533952516,4.12635989168,SCARA - Arcis-sur-Aube,seveso
44.0025713181,4.8759316125,CAPL,seveso
50.1412438557,4.81281969008,ARDENITY SAS,seveso
43.4191499062,4.7349372116,M2I SALIN,seveso
47.3904698835,1.48393072954,STORENGY,seveso
45.0556225891,5.09362428928,COVESTRO ELASTOMERS,seveso
48.7708840423,1.51879710079,SCAEL,seveso
49.4978349172,0.529774864073,EXXONMOBIL CHEMICAL FRANCE,seveso
43.5963939481,4.8523644677,EURENCO,seveso
43.4904673984,5.18856975757,COMPAGNIE PETROCHIMIQUE DE BERRE SAS,seveso
47.2780337116,-1.47307534917,SYSTEME U (Haute Forêt),seveso
47.2671573168,-1.49479577076,AIR LIQUIDE FRANCE INDUSTRIE (Carquefou),seveso
47.5192007447,-0.614695204613,ZaCh System SA,seveso
43.2490230669,0.0847582647895,NEXTER MUNITIONS SA,seveso
47.0112289305,2.31512957466,VIA LOGISTIQUE,seveso
46.290746591,4.82514904737,STODIS (Ex STOGAZ),seveso
49.1407980748,6.70916778782,ARKEMA,seveso
45.3387252041,4.80147025401,THOR,seveso
44.9152892546,-0.535514309005,LINDE GAS,seveso
44.9258921511,-0.520629439881,FORESA FRANCE SAS,seveso
49.4097896475,1.02167997353,RUBIS TERMINAL,seveso
48.0801205899,-1.72877567759,QUARON,seveso
49.4274565076,2.12532443916,DSV SOLUTIONS FRANCE,seveso
50.3577794774,3.27570658517,COEUR GAMMA,seveso
49.1036342628,1.46177723473,STEINER,seveso
47.5833759283,7.57896477035,BASF,seveso
45.0499800248,3.96840814267,MERCK SHARP & DOHME CHIBRET LABORATOIRES,seveso
48.2355795471,4.07851341255,PROLOGIS FRANCE LXII,seveso
48.0779749601,-1.72698294448,TRIADIS Service,seveso
50.4667497927,2.89827535906,NORTANKING(ex oil tanking),seveso
50.0624809875,1.39598842789,SGD,seveso
45.7127247012,4.83281043618,ENTREPOT PETROLIER DE LYON,seveso
43.4113688266,-0.629437557586,TORAY CARBON FIBERS EUROPE SA,seveso
43.44874091,4.92700912301,ESSO Raffinage SAS,seveso
47.793253508,7.19658862953,STOCKMEIER Urethanes France SAS,seveso
49.8752911291,3.04332939703,BONDUELLE EUROPE LONG LIFE,seveso
47.6289518408,7.23772977361,HOLCIM HAUT-RHIN,seveso
49.4952455139,0.507825194502,CASLA,seveso
44.0956686406,4.72919585224,Compagne des Gaz de Pétrole PRIMAGAZ,seveso
48.9114731046,2.36311919968,TECHNIC FRANCE,seveso
49.4156283638,2.2385704085,KUEHNE+NAGEL LOGISTIQUE PA du Nid de,seveso
43.834390612,5.78072421668,GEOSEL  MANOSQUE,seveso
43.5296939271,3.69221841089,STE FERMIERE DU LANGUEDOC,seveso
43.4937711519,-0.780570156113,ARKEMA France,seveso
46.3665855404,3.52587761091,COOPACA,seveso
49.1414090813,6.71445213491,ARKEMA,seveso
43.0234061131,3.06131996858,FOSELEV LOGISTIQUE,seveso
46.1670194708,2.83610672087,ROCKWOOL FRANCE SAS,seveso
49.9394061595,2.26310972867,ID Logistics France - Site AMIENS 1,seveso
46.8022887271,-0.141033316282,SCORI,seveso
46.8276690557,4.86746978994,GE WATER - PROCESS TECHNOLOGIES,seveso
47.7847165911,-3.44394328686,SICOGAZ,seveso
43.0238225152,3.05638050052,ANTARGAZ,seveso
42.8795378407,2.85694795816,TITANOBEL,seveso
43.4319321815,3.75396655444,GDH (GESTION DE DEPOTS D'HYDROCARBURES),seveso
45.8099160252,1.28205169221,MAZAL,seveso
48.946222843,2.27606599067,TOTAL MARKETING FRANCE,seveso
49.317681146,1.06613243636,GEODIS LOGISTICS NORD,seveso
49.0124646505,2.08882687609,SAINT GOBAIN ABRASIVES,seveso
44.2843712405,2.5040583346,SOBEGAL,seveso
48.3681138878,4.80146649463,STOROPACK FRANCE,seveso
48.9452552326,2.31971353746,UNIVAR,seveso
49.8234147496,3.32154876356,SAS SICAPA,seveso
50.5682381429,3.06605089379,AIR PRODUCTS,seveso
49.3881223657,2.57131238885,ART DE CONSTRUIRE,seveso
47.590347479,6.89027281362,BOLLORE ENERGIE,seveso
48.9916214325,1.75734983376,PCAS,seveso
44.7734719715,-0.546180429942,GAZECHIM SA,seveso
49.3184449073,1.18901613652,AZEO,seveso
48.5140250039,3.62678482014,ICOA - Crancey,seveso
48.9324576619,2.29621285817,SNECMA,seveso
48.2964760881,0.0993155104851,AGRIAL SCA,seveso
43.024162744,3.05922466424,EPPLN,seveso
44.9144211288,-0.486855639006,MESSER FRANCE SAS,seveso
48.0975243074,-1.42266417369,SA GRUEL FAYER,seveso
48.6990708642,-3.15770208632,TIMAC AGRO,seveso
43.6275658607,4.87833766749,DECATHLON,seveso
42.7643549954,1.755916977,IMERYS TALC  LUZENAC FRANCE,seveso
48.6405294295,6.2673170421,NOVACARB,seveso
43.4085535121,-0.626912887484,SOBEGAL - Lacq,seveso
47.9425857792,1.95390653573,ORRION CHEMICALS ORGAFORM,seveso
47.5293803303,5.14206447322,DIJON CEREALES-is/tille,seveso
50.9314216923,1.86666378476,SYNTHEXIM (Site Calaire),seveso
47.6206412412,4.32210720217,SALZGITTER Mannesmann Stainless Tubes,seveso
45.7154448895,4.98591473173,SAFRAM,seveso
45.2539331031,4.93319813843,NOBEL SPORT,seveso
45.7606809758,4.91933459402,DAFFOS ET BAUDASSE,seveso
47.3871268419,0.742965615751,GPSPC Sud,seveso
44.9051799268,-0.524084817246,CHAUSSADE-DUBOE TRANSPORTS - CD TRANS,seveso
48.763483459,2.68742799652,STEN,seveso
49.290821178,6.1658655269,AIR LIQUIDE FRANCE INDUSTRIE (ALFI),seveso
43.6392274175,1.42558296354,ESSO SAF,seveso
45.5908363738,4.77456421897,TOTAL ADDITIFS ET CARBURANTS SPECIAUX,seveso
45.0102640739,-0.546315748849,VERMILION REP S.A.S.,seveso
45.8731739018,0.815229885746,INTERNATIONAL PAPER,seveso
49.2559304614,-0.268088473786,DMS - DCA - MORY - SHIPP,seveso
49.672618791,0.905770252156,LEPICARD AGRICULTURE YERVILLE,seveso
49.2246205602,-1.09908856806,KMG ULTRA PURE CHEMICALS,seveso
45.6572294714,5.05510410627,LAMBERT ET VALETTE / GROUPE HEPPNER,seveso
46.169819703,-1.20612459116,SDLP,seveso
50.2866725132,3.33615417641,SNCZ,seveso
45.2883886781,5.62209299157,AIR LIQUIDE FRANCE INDUSTRIE,seveso
43.3840258084,-0.604141775902,CEREXAGRI SA,seveso
47.9268378528,0.192201977031,BUTAGAZ SAS,seveso
45.6816487771,-0.182477878028,LOUIS ROYER  SAS,seveso
43.5037664032,5.18607143792,COMPAGNIE PETROCHIMIQUE DE BERRE SAS,seveso
49.0640887355,2.01683015833,PANHARD DEVELOPPEMENT,seveso
49.419761032,4.28329059169,Cooperative Agricole de Juniville,seveso
44.888778013,4.86211373446,LABORATOIRE OXENA,seveso
47.2000464914,-1.63775033594,BRENNTAG,seveso
43.7702673956,1.67349350493,BRENNTAG SA,seveso
45.8926427881,4.81282371012,BASF AGRI-PRODUCTION,seveso
44.994097133,-0.852976110392,SAFRAN SME,seveso
45.2925087912,5.62504393455,STEPAN EUROPE,seveso
45.8353116431,5.27526674105,CARREFOUR SUPPLY CHAIN,seveso
46.2958947448,2.74686176416,ADISSEO FRANCE SAS,seveso
47.0187236339,4.86413576252,COOP. AGRI. ET VITICOLE BOURGOGNE DU SUD,seveso
42.5429420516,9.52255574405,DPLC,seveso
45.66926373,4.97919548888,BNP PARIBAS REAL ESTATE,seveso
43.6033351482,1.02249720884,AGRO D'OC,seveso
49.4842432024,0.278571535488,TOTAL FLUIDES,seveso
46.5792112805,5.43896094542,TRIADIS,seveso
48.9329300408,2.40508773298,COMPAGNIE DES GAZ DE PETROLE PRIMAGAZ SA,seveso
46.6713562009,5.42469675077,PERRENOT JT LOGISTIC SAS,seveso
47.659723533,-0.63846421814,SEDA,seveso
51.039859011,2.2930123985,ARCELORMITTAL ATLANTIQUE ET LORRAINE,seveso
47.9407238863,1.95403699215,DEPOTS DE PETROLE D'ORLEANS,seveso
48.6651451046,2.40525320946,ANTARGAZ,seveso
43.504552559,5.21607466422,Cie DE DISTRIBUTION DES HYDROCARBURES,seveso
45.8890555452,4.82528185202,COATEX (USINE 1 LUMIERE),seveso
47.3108993006,-2.06263356789,TOTAL RAFFINAGE France,seveso
43.7266887618,4.24987744188,AIR LIQUIDE FRANCE INDUSTRIE,seveso
48.2452088156,-3.76788691206,MAXAM France (SAS),seveso
49.5396895541,2.74506562215,FM France,seveso
49.2142069811,6.19299354073,AIR LIQUIDE,seveso
48.2049162975,1.88166943883,AXEREAL,seveso
48.3804954617,2.85284516002,EDF (Turbines à combustion),seveso
48.5999805184,7.80933393486,PRODAIR ET CIE Strasbourg,seveso
43.4546909675,4.84944511227,ELENGY (TONKIN),seveso
45.4971828944,6.56063705473,MSSA S.A.S.,seveso
47.5195554587,-1.31040911636,TITANOBEL Riaillé,seveso
43.9030340478,-0.464321966483,SPD (Sté Pétrolière de Dépôts),seveso
43.4657699529,4.91673132243,STOCKAGE TERMINAL DE LA CRAU,seveso
48.1055774526,-1.51376856237,LINDE GAS,seveso
49.3138972103,1.00925069605,SOCIETE MAPROCHIM NORMANDIE,seveso
48.6141885715,2.57371106348,Air Liquide France Industrie (ALFI),seveso
43.6060968318,4.77795589697,EPC FRANCE,seveso
48.7366241988,1.91510131765,RAFFINERIE DU MIDI,seveso
45.6579848657,5.12790290999,PARCOLOG LYON,seveso
44.3673074912,4.7080045523,ALFI (EX SOGIF),seveso
49.5285432233,2.70073081696,STORENGY,seveso
51.030681348,2.26004450207,VERSALIS FRANCE SAS Fortelet (POLIMERI),seveso
48.192665827,1.39037748639,CABBP - Bonneval,seveso
47.3256923597,5.38769029521,SITA FD (ISDD),seveso
45.0474390744,4.84812112995,FABRICATION CHIMIQUE ARDECHOISE,seveso
45.8346680896,5.26650240439,SIEGFRIED St Vulbas SAS,seveso
48.8452819038,1.87641354164,Storengy,seveso
49.1408857715,6.70924266536,ARKEMA,seveso
44.8333994964,-0.684543856315,PRODEC METAL,seveso
48.7423327915,7.92369047558,RHONE GAZ Herrlisheim,seveso
45.7475857408,3.15971585009,CALDIC CENTRE,seveso
49.5022351261,2.93099943706,SI Group-Ribécourt S.A.S.,seveso
47.6784836152,-2.40711330521,PRIMAGAZ,seveso
48.9406788025,2.44768687105,AIR LIQUIDE,seveso
48.7555807144,7.94783799469,DOW AGROSCIENCES SAS Drusenheim,seveso
48.5183348326,2.6680575784,ENTREPOTS PETROLIERS de la HAUTE SEINE,seveso
43.433449398,4.91492631416,DEPOT PETROLIER DE FOS,seveso
49.1434736582,6.70879704841,TPF,seveso
49.8491253521,2.66045255385,SPCH,seveso
47.1095154593,-1.20137212279,EPC FRANCE,seveso
47.4137487193,1.01671347167,ARCH WATER PRODUCTS FRANCE,seveso
47.9639083237,-3.85534924067,Mc BRIDE,seveso
43.3959400524,5.20008357825,PROTEC METAUX ARENC,seveso
48.6232614644,-2.0581388886,HYDREP,seveso
45.6156289707,5.11499286648,TOTAL FRANCE,seveso
45.694425321,4.91756317992,DBP,seveso
48.9461501848,2.31107319286,ISOCHEM,seveso
47.9442707255,1.83086007515,PROUDREED,seveso
47.2744506749,6.09748733572,Compo France SAS (ex K+S france),seveso
50.2301223337,3.02022924737,LOGISTINORD,seveso
44.1707616061,4.14907200561,AXENS SA,seveso
50.7155625655,2.31165203886,ALPHADEC (ex SAVERGLASS),seveso
44.538765387,0.612015987763,SOC COOP AGRICOLE DE LAMOUTHE (BIP),seveso
47.9694762715,0.183131374511,SDPS,seveso
45.5370177511,4.31012981678,SNF SAS ANDREZIEUX,seveso
44.1695274409,4.15173593028,RHODIA OPERATIONS,seveso
47.5549567868,6.92655569914,ANTARGAZ,seveso
49.4837180614,0.55461979797,ExxonMobil Chemical France,seveso
49.4736580895,0.240007065026,LBC SOGESTROL,seveso
48.0908440524,1.6993079559,AXEREAL,seveso
49.7495094144,3.36816125205,CITRA TRANSPORTS,seveso
43.4319790014,4.83346533145,KEM ONE France,seveso
48.5949985901,7.80238194457,SOCIETE EUROPEENNE DE STOCKAGE D2,seveso
45.1331755317,5.70406823189,ISOCHEM,seveso
46.1733992417,3.19952993441,THIVAT,seveso
45.8295434056,5.28165253788,ORAPI (SA),seveso
48.7587048344,1.92983874579,AIR PRODUCTS (EX.PRODAIR),seveso
50.0247619668,2.06706900908,BEAURAIN GAZ SAS,seveso
48.3900882475,-4.44429819269,STOCKBREST (STB1),seveso
45.673854539,4.84737815263,TOTAL RAFFINAGE FRANCE,seveso
50.402363488,3.14279315455,AIR LIQUIDE FRANCE INDUSTRIE (ALFI),seveso
49.1497498962,6.72269341316,ARKEMA,seveso
48.2678553016,1.19687276914,AXEREAL,seveso
45.363275804,6.28902028462,PROPHYM SARL,seveso
45.5771348641,4.79677606409,SIRA,seveso
47.2815862108,5.05680174526,EDIB,seveso
49.1432822933,6.70828944374,TPF,seveso
43.781567088,-0.218800285031,Transport et Infrastructures Gaz France,seveso
45.5994064451,4.09305523014,BECKER INDUSTRIE,seveso
43.1694741804,0.968602818814,BASF HEALTH AND CARE PRODUCTS FRANCE,seveso
49.0203872514,6.38241706901,LORCA Lemud,seveso
49.3046712907,2.57738027302,HUTTENES ALBERTUS FRANCE,seveso
48.2562279739,1.97206339721,COOPERATIVE AGRICOLE DE BOISSEAUX,seveso
43.8411140486,1.29508679182,ND LOGISTICS,seveso
45.5180942172,5.99998932477,ENTREPOT PETROLIER DE CHAMBERY,seveso
44.8987345535,4.88159010594,COMPAGNIE DISTRIBUTION DES HYDROCARBURES,seveso
45.0480515276,5.08526017876,COURBIS SYNTHESE,seveso
47.6159738928,5.14222458972,EXPLOSIFS DU CENTRE-EST,seveso
47.6380531287,2.75857099122,VWR INTERN,seveso
47.4185689581,5.70231728691,FAIVRE SAS,seveso
48.2337356129,4.11618932708,IMMOTROYES 1 SARL,seveso
45.0226345795,-0.59029635391,COBOGAL,seveso
43.7076141397,4.27974368235,UNION FRANCAISE DES ALCOOLS ET BRANDIES,seveso
43.412033248,3.71784291767,SEA INVEST SETE,seveso
43.746237871,4.43319273858,GOODMAN SAINT GILLES LOGISTICS,seveso
49.4595883978,1.04981997409,HEXION (ex.MOMENTIVE SPECIALTY CHEMICALS,seveso
45.0533310157,5.0976555982,FRANCO-BELGE DE FABRICATION DE COMBUSTIB,seveso
49.5067778231,2.93861161172,INEOS STYRENICS RIBECOURT SAS,seveso
48.9480053347,2.29450067428,TRAPIL,seveso
43.7824615371,4.65323921489,FIBRE EXCELLENCE TARASCON,seveso
50.5844162502,3.17363168928,LABORATOIRES ANIOS,seveso
45.4404547268,4.76771548346,TOURMALINE REAL ESTATE,seveso
45.7063249656,4.84907977067,RHODIA OPERATIONS,seveso
44.9277263892,-0.606737814323,UNIVAR (ex LAMBERT-RIVIERE),seveso
48.0792372647,2.41576703203,ARGOS FRANCE DEPOT,seveso
48.003205873,5.43170929788,PREVOT Jacques SARL,seveso
49.9404908683,2.28078532091,PROCTER et GAMBLE (PFL) ex GAZELEY,seveso
48.968823271,4.34272973535,ECOLAB PRODUCTION FRANCE,seveso
48.1819243014,2.71987123003,OUVRE FILS Sucrerie et Distillerie,seveso
47.3249133181,-2.12131261446,AIR LIQUIDE FRANCE INDUSTRIE (Ex-SOGIF),seveso
43.3787975236,-0.603209443664,FINORGA SAS,seveso
45.60771829,5.2622878341,EDF ENR PWT,seveso
49.603240994,3.50660038469,Direction Générale de la Sécurité Civile,seveso
43.6561405751,6.93609854447,CENTIPHARM,seveso
46.138674512,3.45161667052,LAGARDE SA,seveso
48.2339553855,-2.70534432028,EPC-FRANCE (ex Nitro Bickford GIE),seveso
49.4727383454,0.284452042503,ERAMET,seveso
48.077711333,1.88249075787,ND LOGISTICS IV,seveso
43.4993831034,5.17129044992,COMPAGNIE PETROCHIMIQUE DE BERRE SAS,seveso
46.7697622637,4.85552725059,UNITED INITIATORS SAS (exAzelisperoxyde),seveso
43.588676775,2.18557080742,OMG BORCHERS SAS,seveso
46.6213680254,1.04971819489,BUTAGAZ SAS,seveso
48.6289932287,2.59657797637,PROLOGIS  FRANCE XCV Eurl,seveso
43.9234168511,1.25989725834,LOGITIA S.A.S (ex INVIVO ),seveso
45.7116729288,4.83655560253,STOCKAGES PETROLIERS DU RHONE,seveso
47.2853236358,5.04762774041,ENTREPOT PETROLIER DE DIJON,seveso
43.4482852331,6.68742378083,DPCA,seveso
49.4589867201,2.21703820334,BORDAGE,seveso
49.9319123604,2.27028777541,BRENNTAG SPECIALITE,seveso
49.1433105011,6.70825030717,TPF,seveso
43.8324989956,-0.537630508165,MAISADOUR SCA,seveso
44.9094689906,-0.534322972966,SEA INVEST BORDEAUX SAS,seveso
47.9387823875,-1.66699590634,PROVIMI FRANCE ex Celtic Nutrition Anim,seveso
48.6990513312,4.97411271051,STORENGY,seveso
47.2660279423,0.952417100979,EPC FRANCE,seveso
43.7843874946,4.63535522141,SOCODELI (Beaucaire),seveso
43.3952138501,5.03522390431,UNIVAR (Martigues),seveso
46.3528585189,2.60163615842,ALL'CHEM S.A,seveso
44.136181253,4.61141014348,PERRET SA,seveso
43.4519601276,1.62351424077,ARTERRIS,seveso
48.5971380464,7.79871984446,BOLLORE ENERGIE Strasbourg,seveso
46.1051037089,4.72524183814,CEREGRAIN DISTRIBUTION,seveso
49.6078005858,3.23560643467,DOW FRANCE SAS,seveso
43.5303616839,1.38093630041,LINDE France SA,seveso
48.3176931944,-1.20963787513,CHIMIREC,seveso
48.6764157094,5.82531179739,CAL (Coopérative Lorraine-Ecrouves),seveso
48.3929631352,2.97628067998,QUARON,seveso
49.1435790774,6.70829698906,TPF,seveso
49.7660075407,2.90721616473,AJINOMOTO FOODS EUROPE,seveso
43.423930953,4.84371576187,LYONDELL CHIMIE SAS,seveso
45.5831515129,4.78774829726,FINORGA-NOVASEP,seveso
47.2634888581,3.07142507174,ARDI S.A,seveso
46.0132416428,3.19283704325,LIMAGRAIN,seveso
48.7283411987,4.60763121951,VIVESCIA,seveso
50.4462089293,3.27103046169,MINAKEM BEUVRY PRODUCTION,seveso
49.4089403391,1.01593903994,RUBIS TERMINAL CRD,seveso
46.2188585406,-0.133864030603,RHODIA  OPERATIONS (Groupe SOLVAY),seveso
50.4923878422,2.87120679438,STYROLUTION FRANCE SAS,seveso
48.4308421755,1.45526026328,SCAEL,seveso
48.3898087261,-4.45332204809,IMPORGAL (Sté),seveso
44.8421561417,-0.712774690577,SABENA TECHNICS BOD SAS,seveso
47.516965724,0.126662307507,CARPENTER SAS,seveso
47.7619482096,7.52230971231,TYM Hombourg,seveso
50.3786187376,3.10637800044,AIR LIQUIDE FRANCE INDUSTRIE (ALFI),seveso
48.6401461751,-1.98523182058,EVTV,seveso
50.967015495,1.90054630259,INTEROR,seveso
43.7906027066,4.63683748913,LA GLORIETTE DISTRIBUTION SAS,seveso
50.231578191,3.8963719855,ARF,seveso
47.6512281644,6.10113583728,SITA FD SAS,seveso
50.9917116758,2.15837819394,BASF Agri-Production,seveso
49.7682969929,2.90504804015,TEREOS SYRAL SAS(ex SYRAL SAS),seveso
49.011560968,7.03296111921,INEOS Polymers SARRALBE SAS,seveso
48.5418231641,2.10686855587,KMG Chemicals Inc.,seveso
45.2640087492,5.8777289505,SOITEC,seveso
48.4935072938,1.57130960944,PRIMAGAZ CGP,seveso
43.9982416708,0.357672959378,VAL DE GASCOGNE,seveso
45.9991345515,4.74116404513,SAS RHONE SAONE ENGRAIS,seveso
43.3988083046,5.01529557199,BIOCAR,seveso
48.0358548262,3.3128431392,BERNER,seveso
48.09095875,1.88440055847,TEREOS FRANCE,seveso
43.3694117507,-0.582932891279,AIR LIQUIDE FRANCE INDUSTRIES,seveso
44.9959328486,-0.547186387266,EPG,seveso
49.1592847923,2.26228639304,VICTOR MARTINET,seveso
47.0384202199,5.40583612276,SOLVAY TAVAUX,seveso
47.203887999,-1.67966114124,ARCELORMITTAL ATLANTIQUE ET LORRAINE,seveso
47.5833727983,7.57904445914,TOGETHER FOR LEATHER,seveso
43.67160338,4.45215624893,DE SANGOSSE,seveso
45.6556796758,-0.224447700857,FRANCOIS EYMARD,seveso
49.30893835,1.1763128136,ASHLAND SPECIALTIES France,seveso
45.0533388352,5.09628353909,EXSTO SAS,seveso
46.9681991938,0.607718865606,CENTRE OUEST CEREALES,seveso
45.8202174179,4.87719074011,COTELLE SA,seveso
48.609582984,6.19118042772,SEVEAL,seveso
45.2736595686,6.36734714113,TRIMET,seveso
47.94025147,1.83397585518,AMF QSE (ex SINOUHE),seveso
49.4813526291,0.534624133225,PRIMAGAZ,seveso
48.7073694572,3.73153434954,BBGR 2 - ZI,seveso
45.6956169893,-0.146256714955,HENNESSY,seveso
45.0011654934,-0.550414350944,YARA FRANCE,seveso
49.0098011863,7.02986806173,BP POLYPROPYLENE FRANCE SAS,seveso
45.2408498969,5.67779102173,SICO,seveso
44.9109554696,0.261152398638,SAS BREZAC Artifices,seveso
43.3877913739,4.82888766217,DEULEP,seveso
49.2657751034,2.07985608793,HEMPEL (France) SAS,seveso
48.3892959992,-4.45543363464,STOCKBREST (STB2),seveso
46.9913710633,-1.82432201466,COINTREAU,seveso
49.2280352312,6.05492321307,CEDILOR,seveso
47.0366928873,2.30934138023,MBDA France,seveso
48.5983743142,2.88001094208,FM FRANCE SAS,seveso
43.4818833324,6.51214471885,STOGAZ,seveso
45.7270126598,4.97349464965,CHIMIMECA,seveso
43.3777060363,5.02200896853,KEM ONE France,seveso
45.6304876436,4.82176985355,AMPERE INDUSTRIE,seveso
48.1612919303,2.05158690326,STCM 2,seveso
46.8249032028,4.86475020281,SOBOTRAM TRANSPORT,seveso
48.9424175943,2.41979147757,CHIMIREC,seveso
49.0572515755,3.17470943407,Storengy,seveso
45.2670372922,5.88432895713,ST MICROELECTRONICS,seveso
43.8263191522,-0.968003918474,AGRALIA SCA,seveso
47.118657784,0.191030385319,PPM CHIMIREC Site 1,seveso
50.2872008139,2.82172861048,FM FRANCE SAS,seveso
43.4001857835,5.0031375427,LBC  Marseille,seveso
44.6206734874,-0.787315529422,DBP AQUITAINE,seveso
46.3154402537,3.3088086374,VAL'LIMAGNE.COOP,seveso
45.8414059789,5.06592096065,HEXCEL COMPOSITES SA,seveso
45.8393782004,5.27329491529,TREDI,seveso
48.8456460223,2.78831467127,AUVALIS,seveso
44.1147858709,1.4782409859,TERMINAL MIDI-PYRENEES SAS,seveso
43.4801685307,5.22932433753,BUTAGAZ  SAS,seveso
45.3365395339,4.79736412079,HLOG,seveso
49.1434003078,6.70825674174,TPF,seveso
50.9671473699,1.89922220852,SYNTHEXIM (site des Dunes),seveso
49.1849536155,-0.324401871342,BOLLORE ENERGIE ex LCN -,seveso
49.0471399079,2.14267781099,AMPERE INDUSTRIE,seveso
50.5301931123,2.56880337696,CRODA CHOCQUES SAS,seveso
47.7892907939,7.51927144791,BOREALIS PEC RHIN,seveso
49.3488107882,1.11507602306,TOYO INK EUROPE SPECIALTY CHEMICALS S.A,seveso
47.7551454089,7.3040532972,RHODIA Opérations,seveso
47.7707619019,-0.26809698651,ALSETEX SAE (Groupe LACROIX),seveso
43.6347501395,3.41296663401,SYSTEME U,seveso
48.9737123398,2.16120981459,SIAAP,seveso
47.4023439449,5.32685077592,DIJON CEREALES-mirebeau,seveso
44.8828982474,0.250445598378,SAS BREZAC Artifices,seveso
43.9152534328,1.90737679055,SA PIERRE FABRE MEDICAMENT,seveso
43.9033661227,4.70174578009,SANOFI-CHIMIE,seveso
51.0109371584,2.15623333108,BEFESA  VALERA SAS,seveso
48.9739858667,1.79438376935,TOTAL RAFFINAGE FRANCE,seveso
47.3074887731,-2.11915869377,YARA FRANCE,seveso
47.2203347449,0.901175485114,AGRIAL CENTRE APPRO,seveso
49.9330500697,2.27125961214,BRENNTAG PICARDIE,seveso
48.2355795471,4.07851341255,PROLOGIS FRANCE LXI,seveso
44.7449673218,4.7971300084,ANTARGAZ,seveso
50.2979305672,2.82820858915,CECA SA,seveso
49.4393230419,2.08418417395,PROLOGIS,seveso
50.6078418644,3.02421507421,PRODUITS CHIMIQUES DE LOOS,seveso
49.4361554936,1.05913125378,LUBRIZOL ROUEN,seveso
49.1443280584,6.710861322,PROTELOR,seveso
47.8129595162,1.95094943582,BRENNTAG,seveso
48.4657879146,-2.79169922998,SOCIETE PETROLIERE DE DEPOTS,seveso
47.5138819403,6.86608407827,SOTREFI,seveso
49.4726241943,0.246341735132,CARE,seveso
46.7571682153,5.57780360026,V33,seveso
47.871686795,-0.506098963416,BRENNTAG MAINE BRETAGNE,seveso
48.1836623106,2.24635041191,ISOCHEM,seveso
43.7819477277,7.33566918092,BRENNTAG,seveso
43.3333924684,5.38026193335,CEREXAGRI SA,seveso
48.9801813137,2.63254621588,MESSER FRANCE,seveso
49.7074511732,4.91026766046,ACTEGA-RHENACOAT,seveso
48.6898159983,6.96421932417,ORSIMA ( ex HOLCIM FRANCE),seveso
47.4733553601,2.41895984943,BUTAGAZ SAS,seveso
45.847468397,5.10158211802,ARKEMA FRANCE,seveso
50.3577794774,3.27570658517,OSTREVENT DEVELOPPEMENT,seveso
51.008762617,2.37734980237,SOGETRA,seveso
49.2285019897,2.40870466455,MESSER FRANCE SAS  (ex PRAXAIR),seveso
48.8986135734,2.18238930877,SOCIETE DES LUBRIFIANTS DE NANTERRE,seveso
47.4601507493,0.675525072183,DE SANGOSSE JARDIN,seveso
45.5710737157,4.79673352527,SCORI,seveso
48.2160940246,-3.51594579899,TITANOBEL,seveso
45.0051125608,-0.560866457539,EDF CPE Site d' Ambès,seveso
49.4721005255,0.292917513098,SEDIBEX,seveso
48.6129491558,7.49720659774,CAH Marlenheim,seveso
49.3545059777,0.990875851585,SAIPOL,seveso
45.7701673423,5.03089814555,CHROMALPES,seveso
48.7182283552,2.39906272493,SMCA,seveso
43.3866617726,5.01081097846,Petroineos Manufacturing France SAS,seveso
42.5285903093,9.44670635918,EDF PEI,seveso
45.3426698837,4.79924787481,LINDE GAS,seveso
48.5010668466,3.79555769965,SEVEAL - Maizières-la-Gde-Paroisse,seveso
47.6349694975,1.28954159496,APPROSERVICE,seveso
48.9830665944,2.63805906086,GAZECHIM,seveso
43.6231894329,4.78225191919,MAREVA PISCINES ET FILTRATIONS,seveso
46.6010585885,4.06502676366,APERAM STAINLESS FRANCE,seveso
43.705569814,4.63242324501,DAHER INTERNATIONAL,seveso
47.2513834759,1.95332028643,BERNARDY SAS,seveso
49.489202988,0.19169711091,SIGALNOR,seveso
50.2826564158,4.02710416473,AGC FRANCE SAS,seveso
49.2273666823,2.91511221877,FM FRANCE,seveso
45.4422286796,4.76717056163,ADISSEO FRANCE SAS,seveso
49.2064555566,5.64620390715,REICHHOLD,seveso
48.4521774776,2.14789768445,TRIADIS,seveso
43.3826303041,5.01322425292,OXOCHIMIE,seveso
48.0900679232,3.28267492643,AIR LIQUIDE France INDUSTRIE,seveso
47.6029022294,7.58683964608,RUBIS TERMINAL,seveso
48.5978689187,7.80695237032,WAGRAM TERMINAL SAS,seveso
49.6693082407,3.27138830245,SODEPACK,seveso
49.1676983351,1.38158333306,NUFARM SA,seveso
46.6591302602,-1.2238978045,CAVAC UCAV,seveso
49.6529604843,1.83358112249,SAVERGLASS (SAV ...),seveso
47.5975506091,7.58696609435,CARPENTER PUR,seveso
45.9975670636,3.08940486207,IKO INSULATIONS,seveso
49.5109810394,0.218073541306,PPG COATINGS SA,seveso
48.0796480366,-0.740105494539,CAM - UFM,seveso
49.4901046859,0.536978974469,LANXESS,seveso
43.4238571522,5.25264227008,AIR LIQUIDE,seveso
48.5574613518,7.74411994582,JOHNSON CONTROLS ROTH Strasbourg,seveso
50.466835653,2.73292467272,MAXAM TAN,seveso
49.3414080154,4.17439401795,CRISTANOL,seveso
45.1236489936,5.7060760507,SITA REKEM,seveso
47.2829358552,-2.20295537494,STOCKOUEST,seveso
50.4091652887,3.07438488359,NYRSTAR FRANCE,seveso
47.8267735202,1.67653312817,ID LOGISTICS,seveso
43.3827179941,5.04836692391,INEOS DERIVATIVES LAVERA LPG (IDL - LPG),seveso
44.2702783759,4.71253923949,BUTAGAZ,seveso
47.0453905469,-0.877882415698,PARCOLOG SARL,seveso
48.540377485,2.35499868434,ISOCHEM VLP,seveso
45.8819028247,0.914405833551,EUROCUP,seveso
49.0378099607,2.55247161757,SMCA Manutention Carburant Aviation,seveso
47.1987253314,-1.63696153465,MESSER FRANCE,seveso
48.7864376418,2.41834040097,EDF  CETAC,seveso
49.2567931196,1.18338768613,CARLO ERBA REAGENTS,seveso
49.2156031872,5.63062079097,VITHERM FRANCE,seveso
43.8665156439,-1.15214744585,FIRMENICH Productions SAS,seveso
47.8888870068,6.41407287176,GRANDES DISTILLERIES PEUREUX,seveso
47.3139452637,5.39961634186,TITANOBEL,seveso
47.9605507035,1.85077552066,DERET LOGISTIQUE,seveso
47.528878048,-0.621096994999,AREVA NP,seveso
49.5409660603,1.06091846498,BRENNTAG S.A.,seveso
49.1631186233,6.32064240243,EPC FRANCE,seveso
49.2445417584,1.17063289087,VALDEPHARM,seveso
49.3346699026,6.14174245003,ARCELORMITTAL ATLANTIQUE ET LORRAINE,seveso
50.4513579913,2.9281132152,SOTRENOR,seveso
48.6731685358,1.30331339909,SOUFFLET AGRICULTURE,seveso
48.6673866424,2.4020092956,CIM INDUSTRIELLE MARITIME,seveso
47.8147300739,7.53677289617,LINDE FRANCE,seveso
49.2083026912,6.18933298547,SPLRL,seveso
44.2068270707,5.93181763027,SANOFI CHIMIE,seveso
48.2339223154,1.03520056265,CMS HIGH-TECH,seveso
45.5746628894,4.9132665385,TOTAL FRANCE,seveso
45.3425347308,4.79195086224,TREDI SALAISE,seveso
49.1101967774,6.18601892667,UNION FERTILOR,seveso
48.6640751527,7.76147293312,WAGRAM TERMINAL SAS,seveso
50.4482764072,2.85385857391,ARKEMA (Atofina),seveso
48.8300336442,3.54898791928,LUNDIN VPU 010 CL,seveso
47.6600097947,7.01226529303,PROLOGIS FRANCE L,seveso
48.7859263345,2.41309231746,EFR FRANCE,seveso
46.7575063298,4.44470867847,BRENNTAG BOURGOGNE,seveso
44.7765891553,-0.665015245463,PRODEC METAL - Canejan,seveso
47.3971655188,1.95670787675,MAXAM - EXCIA,seveso
47.0710589369,2.42435392162,NEXTER MUNITIONS,seveso
48.7630922197,7.9014428972,TOTAL PETROCHEMICALS FRANCE Oberhoffen,seveso
48.7414829472,2.78492802367,BRENNTAG,seveso
45.0499659888,3.09968045372,GRDF,seveso
46.0013669704,4.72476900144,QUARON,seveso
49.1404361542,6.72815575226,ARKEMA,seveso
42.6941128812,2.89773595834,FLUIDRA COMMERCIAL FRANCE,seveso
44.8807526842,-0.363256298749,CIC,seveso
49.2839239991,2.50863445313,ROHM AND HAAS FRANCE SA,seveso
47.0424199036,2.29160576302,NEXTER MUNITIONS,seveso
48.8515800138,2.53121608485,VEOLIA EAU IDF EX CGE,seveso
49.1376505278,5.31604650994,INEOS ENTERPRISES FRANCE SAS,seveso
50.5124675515,2.83379552747,PROLOGIS FRANCE LXXII E.U.R.L.,seveso
48.4254997489,0.767026704376,BFC,seveso
43.0236074985,3.05477452201,FRANGAZ,seveso
47.9825678063,3.740810955,Compagnie des Gaz de Pétrole PRIMAGAZ,seveso
48.3860431159,2.96936813458,BUTAGAZ SAS,seveso
48.9466874573,2.31224024255,RUBIS TERMINAL,seveso
45.6293933547,6.31212734466,FINAGAZ (ex TOTALGAZ),seveso
48.8070551902,0.706390863949,AREVA NP,seveso
45.2918796803,-0.213654694931,SVE,seveso
46.0196925425,1.37433820061,EPC FRANCE,seveso
46.1561961007,0.225673049688,Société Coopérative Agricole COREA,seveso
45.346453176,4.78853896779,RUBIS TERMINAL,seveso
46.3039364646,-0.996706586432,SIMAFEX,seveso
45.3606809069,4.7971598945,NOVACYL,seveso
46.706182912,4.40414844015,MICHELIN,seveso
48.9552985443,2.96762023638,RECTICEL- PROSEAT,seveso
51.0188439755,2.27415625445,AIR LIQUIDE FRANCE INDUSTRIE,seveso
48.532915068,4.12190806104,CRISTAL UNION,seveso
45.3602083143,-0.153750267508,SITA REKEM,seveso
45.6759723194,-0.324330277996,ORECO,seveso
48.2163503928,1.15042086351,VOUZELAUD ARMURERIE,seveso
49.62489395,4.71757422735,EURO BENGALE (SARL),seveso
47.2818092159,1.21896560438,STORENGY,seveso
49.4775649556,0.20761146794,LBC SOGESTROL dépôt 1,seveso
48.6139864372,-2.06978860233,HYPRED,seveso
49.0688168172,2.1796263186,VEOLIA EAU D'ILE DE FRANCE (MERY),seveso
48.5857727635,2.82892375506,VERMILION REP SAS,seveso
43.6131945022,5.00368739501,SYSTEME U_CENTRALE REGIONALE SUD,seveso
46.5800625769,0.352609806428,PROLOGIS FRANCE LXXVIII,seveso
49.3771354798,1.01030563495,BUTAGAZ TRANSITION SAS,seveso
48.7617148254,2.45113033305,SIAAP,seveso
45.7003081308,4.84633347592,KEM ONE,seveso
48.612380732,2.59178137406,GERILOGISTIC,seveso
49.1407980748,6.70916778782,ARKEMA,seveso
48.8580016845,8.1025834918,ROQUETTE FRERES,seveso
47.2771955763,5.05046732063,DIJON CEREALES-longvic,seveso
42.537758297,9.52324404703,BUTAGAZ SAS,seveso
49.6050488785,0.632323824103,CAP SEINE,seveso
43.3772560295,5.00264859839,WILMAR FRANCE HOLDINGS SAS,seveso
51.0428570507,2.32930557831,Société de la Raffinerie de Dunkerque,seveso
45.8141504528,4.88343805412,PYRAGRIC INDUSTRIE,seveso
48.2075412174,6.42837658734,FINAGAZ Golbey (ex-TOTALGAZ Golbey),seveso
43.091943313,0.373949690836,ARKEMA,seveso
43.5029449226,5.17993197389,LINDE FRANCE S.A,seveso
45.6458687146,3.70232129179,SANOFI CHIMIE,seveso
43.3752082921,5.01261943608,APPRYL,seveso
47.3245027258,-2.11896479062,IDEA Services vrac,seveso
49.0572577014,3.94975872698,CSGV,seveso
46.544073104,-1.36330917196,PLANETE ARTIFICES SAS,seveso
46.654222743,0.283852771623,JOUFFRAY DRILLAUD,seveso
45.6422559572,5.12412633888,AIR PRODUCTS LIDA 2,seveso
49.3487440552,1.11195428448,YORKSHIRE FRANCE,seveso
43.4487391228,5.34902324741,EPC FRANCE,seveso
43.4330160958,4.90786082675,ARCELORMITTAL Méditerranée,seveso
49.5032990555,2.92169662868,SECO Fertilisants,seveso
44.0853877744,4.70043243157,FM LOGISTIC,seveso
50.3379969735,2.40878159579,ACT APPRO Ternas,seveso
45.8928162042,4.81211994536,UNIVAR,seveso
49.326656747,6.08197518972,ARCELORMITTAL ATLANTIQUE ET LORRAINE,seveso
45.6343854256,0.0687990159819,SOPPEC SA,seveso
49.3757715562,2.51190304623,ADDIVANT (ex CHEMTURA),seveso
49.2661428164,1.04742301739,PHARMASYNTHESE SA,seveso
49.0818180218,3.38499967575,FM FRANCE S.A.S.,seveso
49.6576633065,3.29413805789,NRJT,seveso
51.0439629222,2.35195472881,RUBIS TERMINAL MOLE V,seveso
43.3833013543,-0.595329823399,GACHES CHIMIE,seveso
44.8065008861,4.78657392543,EURECAT FRANCE SAS,seveso
49.4758556984,0.310909457867,ALFI,seveso
45.7988963004,-0.0533741562573,MARTELL & CO,seveso
49.4726422474,0.327430468606,LE HAVRE GROUPAGE,seveso
46.7682239665,4.85038887927,AIR LIQUIDE ELECTRONICS MATERIALS,seveso
43.4290710154,4.835669328,VINYLFOS,seveso
49.8900286097,2.44797286042,ROQUETTE  FRERES,seveso
45.4378214832,4.32740229264,CHROMOBRONZE,seveso
49.7431807394,3.0562079708,SAINT LOUIS SUCRE,seveso
43.4207304616,4.86089731659,SOLAMAT MEREX,seveso
45.8822787336,6.11520583425,GROUPEMENT PETROLIER HTE-SAVOIE,seveso
47.302943819,-2.14235931828,ELENGY,seveso
48.9933185978,1.65135197024,GOODMAN ROSNY FRANCE,seveso
49.2029360889,4.1433649707,FRANGAZ,seveso
46.6567212141,0.374064568058,PICOTY SA (ex-SAGESS),seveso
47.766332123,7.37428050517,ENTREPOT PETROLIER DE MULHOUSE - EPM,seveso
48.4586076554,1.76911065646,LEGENDRE DELPIERRE,seveso
47.9297280559,-3.89228239728,TRISKALIA,seveso
43.6942113352,6.96542459755,MANE ET FILS LA SARREE,seveso
45.360324334,4.79524478979,BLUESTAR SILICONES FRANCE SAS,seveso
48.0291586684,-1.0362769256,HYDRACHIM (M. FRETIN),seveso
48.5774716619,2.97290629791,BOREALIS CHIMIE,seveso
51.0048192541,2.23707150611,RYSSEN ALCOOLS SAS,seveso
44.899390798,-0.523898597643,CEREXAGRI SA,seveso
48.7278713882,2.84039850883,EDISSIMMO,seveso
46.6416493803,-0.23514379384,AUBRUN-TARTARIN sa,seveso
49.0930931943,2.54358842354,NCS PYROTECHNIE,seveso
48.0465469706,-1.61027910131,TOTAL RAFFINAGE FRANCE,seveso
44.9274536955,-0.620384685702,BARDINET SAS,seveso
50.4717558042,2.59189303455,PPG,seveso
48.2053224197,2.45870054127,COOPERATIVE AGRICOLE REGION DE PUISEAUX,seveso
42.5439400287,9.52408250834,EDF Dépôt intermédiaire (DPM),seveso
48.5812598481,2.5953448988,ND LOGISTICS,seveso
50.0404907305,3.19790941995,GRAINOR BANTEUX,seveso
45.6672899962,-0.354506305927,E.REMY MARTIN & C°,seveso
47.2774685968,-1.88068875823,EDF SA,seveso
43.6257236,6.93641563577,JEANNE ARTHES,seveso
49.8892086074,4.53485008405,METAL BLANC,seveso
43.2126265866,1.69022712757,SOCIETE ETIENNE LACROIX TOUS ARTIFICES,seveso
43.8287609168,7.18154857395,LA MESTA SAS,seveso
49.0806544401,3.3805288037,FM LOGISTIC,seveso
44.1598775153,4.15002733602,IRIS,seveso
41.9276059741,8.76838290371,ANTARGAZ,seveso
45.5711600668,4.7964028869,SITA REKEM,seveso
48.3017597479,2.19271515065,CHRYSO SAS,seveso
48.6461701547,7.78327225704,BUTAGAZ SAS,seveso
45.9054649761,1.37729471747,PRIMAGAZ,seveso
45.0099083807,-0.565059488904,Société Pétrolière du Bec d'Ambès (SPBA),seveso
48.9853241217,1.55039919942,Storengy,seveso
43.926891548,4.99068740031,EXP ETUDES ET RECHERCHES,seveso
45.5950446899,5.26177046371,PCAS,seveso
48.9840938274,1.75732484739,AIR LIQUIDE FRANCE INDUSTRIE (USINE),seveso
43.3698310017,-0.578157058497,ACETEX CHIMIE,seveso
48.6039149654,7.80496703279,SOCIETE EUROPEENNE DE STOCKAGE D1,seveso
43.3940994897,5.00377734065,TOTAL (dépot),seveso
43.4353160316,5.24302504009,BRENNTAG MEDITERRANEE,seveso
45.0875374807,0.465636413742,INTERSPRAY S.A.S,seveso
45.4730356133,4.43136482085,SARPI LA TALAUDIERE,seveso
49.2675398776,1.04262938955,E & S CHIMIE,seveso
47.7787013062,-2.06035053231,CHROMATLANTIQUE Industriel,seveso
50.2965967175,3.11392888569,TOTALGAZ,seveso
49.4752413245,0.145741479571,EDF,seveso
45.5172830846,4.19652139877,UNILIN INSULATION,seveso
49.1431741033,6.70829541116,TPF,seveso
49.0098011863,7.02986806173,SOLVAY POLYOLEFINS EUROPE-FRANCE,seveso
47.5750083723,0.902229570797,SYNTHRON,seveso
49.182291764,-0.329227333647,DEPOTS DE PETROLE COTIERS,seveso
50.7254135549,2.31131881088,ARC INTERNATIONAL FRANCE,seveso
43.3979766372,5.10118957132,TOTAL RAFFINAGE FRANCE,seveso
44.7624806495,-0.720796899244,QUARON FRANCE(exSolvadis,seveso
48.6013684081,6.35623984838,RESOLEST,seveso
49.933905781,2.26416343203,AJINOMOTO EUROLYSINE S.A.S.,seveso
46.9155132835,-1.36783775871,BUTAGAZ,seveso
49.1448698257,6.74045254929,ARKEMA,seveso
44.939300695,0.648261127605,AQUITAB SAS,seveso
45.7492382304,6.43167766459,CEZUS,seveso
45.0159794357,-0.532395282358,LUCIEN BERNARD SA,seveso
48.8213464384,6.71920001098,EURO DIEUZE INDUSTRIE,seveso
42.5269444827,9.44901194486,EDF Corse,seveso
43.3257842347,3.2594121873,GAZECHIM,seveso
45.2198159427,5.6610762295,AIR LIQUIDE - ALTAL,seveso
45.6872098633,4.84588351388,RHODIA OPERATIONS,seveso
45.9585419247,4.91286092228,UKOBA INDUSTRIE,seveso
49.7942866839,4.61055180271,BRENNTAG SA,seveso
45.3370312669,4.788593931,ENGRAIS SUD VIENNE,seveso
48.5909794339,7.79724480366,RUBIS TERMINAL,seveso
43.7274620248,4.19293268593,SYNGENTA PRODUCTION FRANCE S.A.S,seveso
48.1826222653,3.27621508876,CAPSERVAL,seveso
46.3000614813,-0.460478531295,ARIZONA CHEMICAL SA,seveso
43.3820510025,-0.60475894473,SPEICHIM PROCESSING,seveso
50.609204184,3.05771252054,EXIDE TECHNOLOGIES SAS,seveso
49.4313997101,2.84147592703,COLGATE PALMOLIVE,seveso
47.8097173815,7.5363181605,BUTACHIMIE,seveso
45.460780635,6.29484726634,LANXESS EPIERRE SAS,seveso
49.140648053,6.70936281467,ARKEMA,seveso
49.2054910504,6.18508117316,LORCA,seveso
49.4880828756,0.238818531369,TOTAL RAFFINAGE FRANCE,seveso
45.3603513404,4.79524566078,ADISSEO FRANCE SAS,seveso
48.4531104505,1.23201770554,SCAEL,seveso
43.7752765641,2.09590188202,SAS EPC FRANCE,seveso
43.3964340935,5.01569378899,GAZECHIM,seveso
43.161883476,0.96210942692,ANTARGAZ,seveso
50.5184777992,2.6476729599,SI GROUP-BETHUNE,seveso
50.6017844179,2.98080682552,QUARON,seveso
47.8061857039,7.11304711768,CRISTAL FRANCE SAS,seveso
48.723693351,2.36869731973,SMCA,seveso
43.4318749269,3.70632537007,SCORI,seveso
51.001155507,2.16755808996,ALUMINIUM DUNKERQUE SAS,seveso
48.1173074656,-4.0848521379,GAZARMOR SAS,seveso
45.1439560656,1.47659420054,TOTAL RAFFINAGE MARKETING (ex TOTAL FR),seveso
44.3335244335,4.72770948645,EURODIF,seveso
45.0924457218,3.62423510217,PEM,seveso
42.4701702408,9.19652536167,CORSE EXPANSIF S.A.,seveso
48.1216155421,-1.82898670147,LESEUR,seveso
48.5112221637,3.58182722896,SMBE (Groupe SOUFFLET),seveso
46.7993151411,4.87533275527,ARGOS FRANCE DEPOT SAS,seveso
51.0381079587,2.35750782739,RUBIS TERMINAL UNICAN,seveso
47.9863432289,3.73578301782,CONIMAST INTERNATIONAL,seveso
49.4769104244,0.535057875926,CABOT CARBONE SAS,seveso
44.8774513476,-0.777444135125,ROXEL FRANCE,seveso
45.8473618139,5.10150071939,KEM ONE,seveso
50.4543911963,3.03180574445,TITANOBEL,seveso
49.0945991993,0.619291056147,AEROCHIM,seveso
49.4817790218,0.529952672868,SCORI,seveso
50.3093075259,3.41301045535,ENTREPOT PETROLIER DE VALENCIENNES,seveso
49.4769068572,0.223187939924,TOTAL PETROCHEMICALS FRANCE Gonfreville,seveso
47.8096835075,7.53626173871,RHODIA Opérations,seveso
47.6055465993,7.58126767517,DSM Nutritional Products France,seveso
48.699983615,5.93390700004,BRENNTAG LORRAINE,seveso
49.0909042436,2.51276233861,CENTREX,seveso
46.9432785591,3.11443340319,FINAGAZ (ex-TOTALGAZ),seveso
45.3605043763,4.7952505964,NOVAPEX,seveso
43.4124551493,-0.635979491277,SOBEGI SAS,seveso
49.3023783951,1.09906096909,INS CRIQUEBEUF,seveso
45.0385846456,-0.602672181984,Les Docks Pétroliers d'Ambès (DPA),seveso
48.9826685521,2.63726942385,UNIVAR,seveso
45.7066700509,4.82515336573,ARKEMA,seveso
48.6532636203,7.79957606141,LANXESS EMULSION RUBBER,seveso
49.4703586252,0.137773635554,CIM (Le Havre),seveso
47.3971655188,1.95670787675,NEXTER MUNITIONS,seveso
50.4158332925,3.18108880306,EPC - FRANCE,seveso
47.6066518583,1.32038887257,AXEREAL,seveso
48.2075633464,6.42451106451,NORSKE SKOG,seveso
45.8797070714,1.3273725632,VALDI,seveso
44.0675458321,4.04528215905,EPC FRANCE (ex Nitrobickford),seveso
45.2085897425,4.98267116966,STORENGY TERSANNE,seveso
46.7699409611,4.85338364682,BIOXAL,seveso
45.6920492118,-0.334762126099,MARTELL,seveso
45.627580275,5.29175706456,SOL FRANCE,seveso
48.9872382066,2.64993083709,CCMP SAS,seveso
45.1158137337,3.50057999719,RECTICEL,seveso
48.3811851892,3.02714846752,FM LOGISTIC S.A,seveso
45.276472246,5.55188759082,TITANOBEL,seveso
50.4037712938,2.76764426398,PALCHEM,seveso
48.2261388832,4.13338782967,DISLAUB,seveso
46.9754223204,0.693018376221,CENTRE OUEST CEREALES-Descartes,seveso
48.7511909449,2.3010763575,GALION,seveso
48.7862155088,4.19593185474,PROLOGIS,seveso
43.3800021546,5.01082524726,NAPHTACHIMIE,seveso
49.0498688288,-0.374153878677,EPC FRANCE,seveso
43.2144328193,2.97939376376,AREVA NC Malvesi,seveso
49.1470961337,6.72177534397,TPF (Résines W) (ex cray valley Norsolèn,seveso
46.5909479255,-0.887894462311,SOLITOP,seveso
48.9848399714,1.75990321345,LINDEFRANCE,seveso
49.2489668774,2.43758410035,AKZO NOBEL DECORATIVE (ex AKZO NOBEL CO),seveso
45.7463374399,6.4274808264,MESSER FRANCE SAS,seveso
43.5661178614,1.43571961471,HERAKLES,seveso
48.7142536385,5.28891714497,RHOVYL,seveso
44.4520553282,-0.0672643583314,ARTIFICES SPECTACLES ET CIE SASU,seveso
45.2279463961,-0.751144345455,Cie Commerciale de Manutention Pétrolièr,seveso
48.2089596103,3.27993403564,CHEMETALL SA,seveso
43.4076258704,4.83093714411,GCA LOGISTICS FOS,seveso
44.9215419639,-0.533029010434,Les Docks Pétroliers d'Ambès (DPA),seveso
45.8396004561,5.25907490403,SICO,seveso
49.3736679921,3.37274182161,KUEHNE+NAGEL,seveso
46.7591145449,4.87451985365,Coop Agri et Viticole Bourgogne du Sud,seveso
48.0698042684,1.42369726366,AXEREAL SCA,seveso
50.699375398,2.11354991531,EQIOM Lumbres Cimenterie,seveso
49.4796955187,0.206405366781,YARA France,seveso
50.4334297763,2.88944610792,RECYTECH,seveso
43.4095042701,-0.629715225554,ARKEMA  France SA,seveso
48.8160443649,3.98059667802,TEREOS FRANCE,seveso
47.8311402753,1.66788245014,PROLOGIS FRANCE XLVIII EURL,seveso
48.7033741117,0.281547066905,FINAGAZ,seveso
46.0772721526,6.29217985303,SAFRAM France,seveso
45.3171700703,5.59286534312,SICO,seveso
46.6630641401,-0.00662930245235,CENTRE OUEST CEREALES,seveso
45.6363242254,-0.211423999773,CAMUS,seveso
49.4057058886,2.99910390311,WEYLCHEM LAMOTTE (ex CLARIANT SFC),seveso
50.3454909414,3.37649016299,AIR LIQUIDE Denain,seveso
43.3846049873,-0.598646317935,ARKEMA - Site de Mourenx,seveso
47.4267263393,1.49911812253,STORENGY,seveso
48.9599251271,8.19472201629,ROHM AND HAAS FRANCE SAS,seveso
48.7370139912,2.43135974638,SPVM,seveso
48.5765023231,2.59302280471,KUEHNE + NAGEL,seveso
49.3235084597,2.69192059061,FM France,seveso
49.8250773882,3.29656205514,SOPROCOS,seveso
43.7200747345,1.38384745984,TOTAL MARKETING SERVICES,seveso
44.06858455,1.11206544097,BUTAGAZ  SAS,seveso
49.6038114115,3.2257291989,DEM SA,seveso
45.7683597124,4.95006639491,GIFRER  BARBEZAT,seveso
48.9598773074,8.19478565886,DOW AGROSCIENCES Lauterbourg,seveso
50.3455781474,3.05466318629,SIPC,seveso
45.0367860258,-0.600319023437,AKZONOBEL Pulp and Performance Chemicals,seveso
49.1396242967,6.71045549895,ARKEMA,seveso
49.2662307936,6.14464340368,SCORI EST,seveso
50.5574787944,2.47139406112,TEREOS Sucrerie de Lillers,seveso
48.2558110343,-3.38563751001,DISTRIVERT,seveso
43.4787716709,1.15618967,SOCIETE ETIENNE LACROIX TOUS ARTIFICES,seveso
44.5877764424,-0.316658306964,CIRON SA -  Barsac,seveso
48.3811851892,3.02714846752,GEMFI,seveso
45.7259299244,4.95914173309,BRENNTAG RHONE ALPES,seveso
43.3295763423,3.2648514004,SBM Formulation ( ex CMPA),seveso
43.3964476762,5.01302856061,GEOGAZ Lavéra,seveso
43.699169613,4.62768825484,SUD ENGRAIS DISTRIBUTION,seveso
49.3238755326,6.09258498133,ARCELORMITTAL ATLANTIQUE ET LORRAINE,seveso
47.0641954731,-0.836282293373,MICHELIN,seveso
48.2658037748,-4.08289969287,NOBELSPORT,seveso
45.9542757167,-0.121735828242,COREA Chives,seveso
47.7940480882,7.19931305149,BIMA 83-Rue de l'industrie,seveso
49.1431635546,6.7086376348,TPF,seveso
45.5743314551,4.91685908548,SPMR,seveso
47.5317463882,4.55852348553,DIJON CEREALES-darcey,seveso
46.9042051499,-1.37448964602,BUTAGAZ SAS,seveso
45.2015268,5.8260644366,SOBEGAL,seveso
49.4732652336,0.55129448498,ESSO RAFFINAGE,seveso
47.8149800356,7.20722930832,DU PONT DE NEMOURS-Uffholtz Sat. 2,seveso
49.3098778871,1.00816798952,SANOFI CHIMIE SA,seveso
49.4928962281,0.210644361952,CHEVRON ORONITE SAS,seveso
47.4658902219,3.52321472656,RHODIA OPERATIONS (groupe solvay),seveso
47.8062244664,7.11296985125,Potasse et Produits Chimiques (PPC),seveso
49.6576993404,0.154844486211,CIM Antifer,seveso
49.4915734355,0.512475685462,SODES,seveso
47.1983595208,5.85881819097,Terre Comtoise,seveso
43.424184756,4.90190096355,ELENGY (CAVAOU),seveso
48.3856762664,2.97894474826,YARA France,seveso
48.4136517555,7.63373558327,DOW FRANCE SAS Erstein,seveso
50.6210092435,2.4788934048,APERAM ISBERGUES,seveso
47.9704586502,0.891468822679,DEC  Depôts Electrolytiques et Chimiques,seveso
45.5559290756,3.25565528444,CONSTELLIUM ISSOIRE,seveso
47.8005977953,7.19410511299,DU PONT DE NEMOURS-Cernay,seveso
48.5722093523,2.47711946076,ALTIS SEMICONDUCTOR,seveso
44.1471370034,-0.920950063079,EURALIS CEREALES,seveso
43.5173474227,1.54334147345,GACHES CHIMIE,seveso
45.7003783431,-0.311198628769,TESSENDIER et Fils-,seveso
50.4672339136,2.7262140001,VYNOVA MAZINGARBE  SAS,seveso
50.0803488081,4.72171736779,ITW PRODUITS CHIMIQUES,seveso
43.8572498384,5.79179248924,GEOMETHANE,seveso
43.4720232511,5.60658096779,STMICROELECTRONICS SAS,seveso
43.1417666234,6.03159831617,ANTARGAZ,seveso
43.497511805,5.20824898351,SPUR ENVIRONNEMENT,seveso
48.5309960268,-2.96830494193,TRISKALIA,seveso
47.280834884,-2.01275169303,AREVA NP,seveso
43.3632411697,2.29197973125,TITANOBEL,seveso
49.4157336754,2.1201640278,SOPROGAZ,seveso
48.1178991701,-1.82639856393,DE SANGOSSE,seveso
49.1407848737,6.70930402736,ARKEMA,seveso
45.548619847,-0.364951897201,PISSELOUP SAS,seveso
48.0976441617,-4.32883573916,SOBAD,seveso
49.1432596906,6.7084387355,TPF,seveso
48.4684023461,3.52541204425,SOUFFLET Fontaine-Macon,seveso
46.781769041,4.45240792272,WESTFALEN FRANCE,seveso
45.6433417386,5.0940654884,SIGMA ALDRICH,seveso
48.7126119575,5.28302577974,SODETAL AWT SAS,seveso
48.7025330439,2.61772702903,HEPPNER,seveso
50.4341529378,2.62323100204,SCORI,seveso
49.0036190737,1.70386210387,ONIVAL,seveso
49.4802598657,0.188817685488,SHMPP,seveso
49.4882390767,0.551409565984,SOCABU,seveso
46.1681086865,-1.20922510536,SISP,seveso
45.5262632645,6.47720178169,CARBONE SAVOIE,seveso
47.1223023828,-0.134446632048,PHYTEUROP,seveso
47.1916203879,1.88503220198,TERRAGROS APPROS SAS,seveso
50.2679943521,3.95677007881,TATA STEEL MAUBEUGE SAS,seveso
47.274383845,6.10941060791,ARDEA,seveso
48.384533506,2.9779592095,MENDES,seveso
49.5225960296,0.745660967639,REVIMA,seveso
50.9642424807,2.04328487592,LA FLANDRE,seveso
51.0096920218,2.33994625613,MINAKEM DUNKERQUE PRODUCTION,seveso
41.9321002698,8.72039076691,GDF Suez -  Station de gaz du Loretto,seveso
45.394566168,5.73509199678,PATURLE ACIERS,seveso
48.3124777807,-0.736716283923,ANTARGAZ,seveso
44.91389376,-0.522704553568,SIMOREP & CIE- CS MICHELIN,seveso
45.0910491703,5.73392889535,AREVA NP,seveso
48.0752932847,-0.720305834172,KENSINGTON FRANCE INDUSTRIAL PROPCO IPBM,seveso
47.5508725865,6.91561908767,THEVENIN & DUCROT DISTRIBUTION SAS,seveso
45.9951775978,1.50316334,TITANOBEL,seveso
47.6650831526,-2.07479577733,OVAKO,seveso
49.8348867979,3.48002319111,TEREOS FRANCE,seveso
43.3999785775,5.55852011242,CARLO ERBA  REAGENTS,seveso
43.6513375564,6.94755560769,ROBERTET PLAN DE GRASSE,seveso
45.8356851954,5.28621107878,UNILEVER FRANCE HPC INDUSTRIES UFHPC,seveso
45.9257957814,4.94843406805,SAS BERNARD PRODUCTIONS VEGETALES,seveso
49.7496574319,3.78008370399,BAYER SAS,seveso
43.1452179161,6.04200668958,PETROGARDE S.A.S,seveso
43.373329329,-0.585645727851,YARA France SAS,seveso
46.2011774741,3.08781572365,VAL'LIMAGNE.coop,seveso
45.7990376389,5.95569966866,THEVENIN ET DUCROT DISTRIBUTION,seveso
47.6591080951,-2.08401268522,BJ 75,seveso
50.3577794774,3.27570658517,OSTREVENT DEVELOPPEMENT,seveso
43.4556392665,4.92875968103,COGEX,seveso
48.0546505299,7.55922243954,CONSTELLIUM NEUF BRISACH,seveso
47.0566782962,5.41101296103,INOVYN France(ex solvay electrol france),seveso
48.5103309597,-0.422768725491,PCAS,seveso
43.436589615,5.23278641998,AIRBUS HELICOPTERS (ex-EUROCOPTER),seveso
48.6415394989,2.5483243206,UNIVAR,seveso
48.3437444594,1.76063123362,LOGI INDUSTRIE,seveso
48.9557190048,2.89885432487,BASF (ex COGNIS FRANCE SIDOBRE SINNOVA),seveso
45.5200510517,-0.548133337514,UNION de MOSNAC,seveso
49.4734977437,0.335238288389,PROLOGIS,seveso
50.5742044612,3.01923811686,BRUNEL CHIMIE DERIVES,seveso
48.973131685,1.75046941479,SARP Industries,seveso
48.0863291295,1.86233570042,XPO LOGISTICS,seveso
47.3137790926,-2.05596794573,ANTARGAZ,seveso
49.4839217185,0.270279002585,LUBRIZOL France,seveso
49.379387683,2.45963529978,BASF France (ex Coatings),seveso
43.3690054591,5.94774133922,TITANOBEL SA Dépôt de MAZAUGUES,seveso
49.20468583,1.70618188083,Storengy,seveso
49.1412325598,2.7917130837,VALFRANCE,seveso
45.3496194982,4.78935599038,SOGIF- SITE DE ROUSSILLON,seveso
48.3184609261,0.80083659307,AXEREAL,seveso
47.915771698,3.63809154916,DAVEY BICKFORD,seveso
47.9959071954,-0.218979362792,SICOGAZ SA,seveso
50.478437631,2.96352408756,GAZ ENERGIE DISTRIBUTION,seveso
49.2286066725,1.1646747428,RECTICEL,seveso
49.0052067413,2.20923892395,SILAR,seveso
44.359248073,4.72712605863,SODEREC INTERNATIONAL S.A.S,seveso
49.0380827726,2.69768929991,DISTRIBUTION FRANPRIX SA,seveso
49.377134254,1.0211846663,PETROPLUS RAFFINAGE PETIT COURONNE,seveso
48.5302641262,7.50176212069,MESSIER BUGATTI DOWTY,seveso
48.9269059505,2.60872507399,SITA FD ex FRANCE DECHETS (décharge cl1),seveso
44.3515096802,4.72968842066,COGEMA,seveso
50.3577794774,3.27570658517,COEUR BETA,seveso
45.6180154688,-0.164219109089,Maison A STAUB & Cie,seveso
43.0186406975,3.03966955127,DPPLN,seveso
44.5515348964,2.21834380265,SNAM STE NOUVELLE D'AFFINAGE DES METAUX,seveso
47.3876597488,0.748154643235,CCMP  (Cie Ciale Manutention Pétrolière),seveso
43.4000273024,5.19425350399,STOGAZ Marignane,seveso
44.5973007056,2.00393770543,RATIER FIGEAC  Sas,seveso
45.7225702665,-0.343770877273,MARTELL,seveso
43.4707014755,5.5997725763,KMG Ultra Pure Chemicals SAS,seveso
49.5052083427,0.135114757059,SEREP,seveso
49.264548258,0.150473081532,SPIRIT FRANCE DIFFUSION ex SACB,seveso
48.3886710444,-4.26536012945,EDF-CETAC (DIRINON),seveso
47.2882911956,5.40240141555,TITANOBEL,seveso
47.407358189,-1.19965809957,ODALIS,seveso
48.2374049434,3.54828140848,CAVAP,seveso
47.7579467619,7.52437600374,TREDI Hombourg,seveso
49.3041507528,2.5674590359,AFFINERIE DE PONT SAINTE MAXENCE,seveso
47.758405928,7.37194436402,WALLACH SAS,seveso
48.9014751412,2.18395407221,CCMP,seveso
47.3867770485,0.750008395109,GPSPC Principal (dépôts est et ouest),seveso
49.2948682246,4.37180325679,CRISTAL UNION - Ets de Betheniville,seveso
49.4337833495,2.84997191111,DSM Composite Resins France,seveso
48.3558334757,-3.87114094336,EDF-CETAC (BRENNILIS),seveso
49.4077911031,2.9941725166,CLARIANT Services (ex HOECHST),seveso
49.3790047922,2.45643152399,Flint Groupe France,seveso
48.5286025566,-0.213416581197,TITANOBEL,seveso
43.9120265608,1.31595330838,GRUEL FAYER,seveso
45.5232958195,6.31275420944,AIR PRODUCTS,seveso
45.1531264356,1.48736630647,BUTAGAZ,seveso
50.212604163,3.09449912837,DE SANGOSSE,seveso
47.2990780032,5.03721765678,RAFFINERIE DU MIDI,seveso
47.9197054392,1.9547455631,DEPOTS DE PETROLE D'ORLEANS,seveso
44.5451354888,-0.270294483171,SYSTEME U SA,seveso
49.1435693726,6.70861183727,TPF,seveso
48.1230055494,3.30661290569,PSV,seveso
48.1825872202,2.24709233609,ORGAPHARM,seveso
47.4189566962,-0.619694743234,CIM-CCMP de Bouchemaine,seveso
49.4187671654,1.02800556021,BOREALIS CHIMIE,seveso
45.7462149264,6.42528466894,UGITECH,seveso
46.7975199748,1.63538917349,AXEREAL,seveso
44.769326432,-0.76757195206,PENA ENVIRONNEMENT,seveso
46.1525857418,1.8710082989,PICOTY,seveso
49.139804803,-0.155088611671,SOLICENDRE,seveso
43.3792354272,5.04883528561,INEOS CHEMICALS LAVERA LPP (ICL - LPP),seveso
44.8726296319,-0.681415748158,SAFRAN HERAKLES SAS,seveso
43.6373158662,1.42657721944,SOCIETE TRAITEMENTS CHIMIQUES DES METAUX,seveso
48.9282644243,2.22854656635,PROTEC INDUSTRIE,seveso
49.3103666934,1.00781904863,BASF Agri-Production SAS,seveso
45.5700624888,4.92893333595,TOTAL FRANCE,seveso
47.8724888919,0.191394785722,Sté des dépôts Pétroliers de la Sarthe,seveso
43.5103831708,1.54809268787,TOTAL MARKETING SERVICES,seveso
43.8360841569,-0.833639668377,TEMBEC TARTAS,seveso
48.1618168813,-2.76104214973,UNION INVIVO - Magasin engrais,seveso
45.6733551774,-0.262528160586,UNICOOP,seveso
45.7900002378,3.10488845481,MFP MICHELIN,seveso
43.6589533189,1.3365930406,PRODEM,seveso
45.6894922118,4.91579850152,SOCIETE DU DEPOT DE SAINT-PRIEST,seveso
43.4018175879,-0.63494905972,Abengoa Bioenergy France,seveso
47.7538576736,7.52124761052,EUROGLAS,seveso
47.5047791327,0.615627400111,SOCAGRA,seveso
48.8616782251,5.51893754735,HUNTSMAN SURFACES SCIENCES FRANCE,seveso
45.6550132007,4.92256867917,INTERRA LOG,seveso
50.3412171516,3.58960820292,PPG FRANCE MANUFACTURING,seveso
45.0854069378,5.73952843544,ARKEMA,seveso
49.1410559825,6.70926858213,ARKEMA,seveso
48.3904901902,2.98334653416,LINDE France s.a.,seveso
50.616035737,2.45554324217,RECYCO,seveso
49.5021276005,2.93157917933,BOSTIK,seveso
43.4965287485,5.20834722005,SOLAMAT MEREX,seveso
45.7630153796,5.02235995332,IVA ESSEX,seveso
49.2661207117,4.03428261659,CHARBONNEAUX BRABANT SA,seveso
45.4153659811,4.40529035953,CHROMAGE INDUSTRIEL DU CENTRE,seveso
43.9355457936,2.19393084016,DYRUP  SAS,seveso
43.4546715336,6.49589561577,LODRAC,seveso
43.2838278889,2.91687987546,EDN,seveso
49.1795851596,6.87059340512,VFT FRANCE,seveso
45.7367494613,3.17415150065,TOTAL MARKETING SERVICES,seveso
43.4914768327,1.53469039914,AB7 INDUSTRIES,seveso
48.9899497285,4.34026917626,FM LOGISTIC,seveso
44.8358226862,-0.547762160559,BRENNTAG  AQUITAINE,seveso
48.2491040394,6.42932706528,VISKASE,seveso
51.0370750543,2.35200175064,DEPOTS DE PETROLE COTIERS,seveso
47.2893513086,6.19418993863,BUTAGAZ SAS,seveso
49.1470592472,6.69816019998,SNF SAS,seveso
45.9362902231,3.16130912889,TARDIF ET FILS,seveso
49.1634022314,6.9241911205,ELYSEE COSMETIQUES,seveso
45.7162469274,4.8283496123,DEPOT PETROLIER DE LYON,seveso
47.6617654251,6.4714074622,FAURECIA,seveso
47.0574685002,5.39337352115,ALFI,seveso
50.6190972022,2.48093051787,THYSSEN KRUPP ELECTRICAL STEEL UGO,seveso
48.5302181963,7.50178530625,MESSIER SERVICES,seveso
48.432818634,-1.111798027,AEROCHEM SAS,seveso
48.0337600451,3.30869826354,SOPREMA,seveso
41.9294034286,8.79181606866,Dépot Pétrolier de la CORSE(2A),seveso
48.3194558411,6.06553356681,SHEPHERD,seveso
50.3577794774,3.27570658517,COEUR DELTA,seveso
49.1408467765,6.70904781077,ARKEMA,seveso
48.976912313,7.022036385,WERNER,seveso
43.0241807445,3.05920016675,EPPLN,seveso
47.8832375716,-0.591234847309,SECHE ECO INDUSTRIES,seveso
